disease,cosine
Type 2 diabetes mellitus,0.3426050892279706
Rheumatoid arthritis,0.33301059886897877
Alzheimer's disease,0.32891455543401954
Breast carcinoma,0.3287360589764798
